{
  "IsEncrypted": false,
  "Values": {
    "WEBSITE_SLOT_NAME": "Production",
    "FUNCTIONS_EXTENSION_VERSION": "~4",
    "ScmType": "None",
    "WEBSITE_AUTH_ENABLED": "False",
    "REMOTEDEBUGGINGVERSION": "16.0.32106.67",
    "APPLICATIONINSIGHTS_CONNECTION_STRING": "InstrumentationKey=1b6ffce5-3a61-4e42-8d0a-263a755cc604;IngestionEndpoint=https://westeurope-5.in.applicationinsights.azure.com/;LiveEndpoint=https://westeurope.livediagnostics.monitor.azure.com/",
    "FUNCTIONS_RUNTIME_SCALE_MONITORING_ENABLED": "0",
    "APPINSIGHTS_INSTRUMENTATIONKEY": "1b6ffce5-3a61-4e42-8d0a-263a755cc604",
    "cosmosMasterKey": "tqh3tiKdeygXSourD9PTfghSnRkf4z1EHYcftLybmLLIZRRt1txDyLNxeHovXYVchf1k6z5tuVdnACDbBroULQ==",
    "WEBSITE_CONTENTAZUREFILECONNECTIONSTRING": "DefaultEndpointsProtocol=https;AccountName=dataprimetrainingmoab70;AccountKey=JhTu5+HuyjCv/+D8oMKQqsrg+wBrn2Ten1n14iDHrQ8/9tk82YPIR3rKKSmHdoPJoCMKFw5E2vr0+AStN+ifZw==;EndpointSuffix=core.windows.net",
    "WEBSITE_CONTENTSHARE": "dataprime-module1-cosmosautha4fe",
    "WEBSITE_AUTH_AUTO_AAD": "False",
    "cosmosEndPoint": "https://cosmosdb-module1.documents.azure.com:443/",
    "AzureWebJobsStorage": "DefaultEndpointsProtocol=https;AccountName=dataprimetrainingmoab70;AccountKey=JhTu5+HuyjCv/+D8oMKQqsrg+wBrn2Ten1n14iDHrQ8/9tk82YPIR3rKKSmHdoPJoCMKFw5E2vr0+AStN+ifZw==;EndpointSuffix=core.windows.net",
    "FUNCTIONS_WORKER_RUNTIME": "dotnet",
    "WEBSITE_SITE_NAME": "dataprime-module1-cosmosauth",
    "WEBSITE_AUTH_LOGOUT_PATH": "/.auth/logout"
  }
}