{
  "IsEncrypted": false,
  "Values": {
    "WEBSITE_SLOT_NAME": "Production",
    "FUNCTIONS_EXTENSION_VERSION": "~4",
    "ScmType": "None",
    "WEBSITE_AUTH_ENABLED": "False",
    "REMOTEDEBUGGINGVERSION": "16.0.32106.67",
    "FUNCTIONS_RUNTIME_SCALE_MONITORING_ENABLED": "0",
    "APPINSIGHTS_INSTRUMENTATIONKEY": "87f8284c-7fcd-405f-ae4b-655da1b719a1",
    "WEBSITE_NODE_DEFAULT_VERSION": "14.20.0",
    "cosmosMasterKey": "PJH07SR2UEY3YRM5SXfAZMS9qzWY7KK6L4m0sFgN9r4Rv28ATGumj15Us0zKHGMo54heA8f1qTDnACDbMeSjoQ==",
    "WEBSITE_CONTENTAZUREFILECONNECTIONSTRING": "DefaultEndpointsProtocol=https;AccountName=appstoragesiob57xiqktp2;EndpointSuffix=core.windows.net;AccountKey=EBkuWQV57BIf+bZmirS4QCMMgotERuyiss7TVcSlDaB3HEOaRtdUFUuj0CDvFTGRe0ffPBVIAcIf+AStDn1zxQ==",
    "WEBSITE_CONTENTSHARE": "dataprime-module1-cosmosauth-siob57xiqktp2",
    "WEBSITE_AUTH_AUTO_AAD": "False",
    "cosmosEndPoint": "https://cosmosdb-module1-siob57xiqktp2.documents.azure.com:443/",
    "AzureWebJobsStorage": "DefaultEndpointsProtocol=https;AccountName=appstoragesiob57xiqktp2;EndpointSuffix=core.windows.net;AccountKey=EBkuWQV57BIf+bZmirS4QCMMgotERuyiss7TVcSlDaB3HEOaRtdUFUuj0CDvFTGRe0ffPBVIAcIf+AStDn1zxQ==",
    "FUNCTIONS_WORKER_RUNTIME": "dotnet",
    "WEBSITE_SITE_NAME": "dataprime-module1-cosmosauth-siob57xiqktp2",
    "WEBSITE_AUTH_LOGOUT_PATH": "/.auth/logout"
  }
}